<OutOfBrowserSettings ShortName="SocketCoder WCS Pro Plus 4.0" EnableGPUAcceleration="False" ShowInstallMenuItem="True">
  <OutOfBrowserSettings.Blurb>SocketCoder.Com - Web Video,Voice Conferencing System</OutOfBrowserSettings.Blurb>
  <OutOfBrowserSettings.WindowSettings>
    <WindowSettings Title="SocketCoder WCS Pro Plus 4.0" Height="750" Width="1220" />
  </OutOfBrowserSettings.WindowSettings>
  <OutOfBrowserSettings.Icons>
    <Icon Size="16,16">Views/Images/OnlineIcon.png</Icon>
    <Icon Size="32,32">Views/Images/OnlineIcon.png</Icon>
    <Icon Size="48,48">Views/Images/OnlineIcon.png</Icon>
    <Icon Size="128,128">Views/Images/OnlineIcon.png</Icon>
  </OutOfBrowserSettings.Icons>
</OutOfBrowserSettings>