<OutOfBrowserSettings ShortName="SocketCoder WCS 4.0" EnableGPUAcceleration="False" ShowInstallMenuItem="True">
  <OutOfBrowserSettings.Blurb>SocketCoder.Com - Web Conferencing System (WCS)</OutOfBrowserSettings.Blurb>
  <OutOfBrowserSettings.WindowSettings>
    <WindowSettings Title="(SocketCoder) WCS Pro 4.0" Height="700" Width="1250" />
  </OutOfBrowserSettings.WindowSettings>
  <OutOfBrowserSettings.Icons>
    <Icon Size="16,16">Views/Images/OnlineIcon.png</Icon>
    <Icon Size="32,32">Views/Images/OnlineIcon.png</Icon>
    <Icon Size="48,48">Views/Images/OnlineIcon.png</Icon>
    <Icon Size="128,128">Views/Images/OnlineIcon.png</Icon>
  </OutOfBrowserSettings.Icons>
</OutOfBrowserSettings>