<OutOfBrowserSettings ShortName="SocketCoder Desktop Sharing Tool" EnableGPUAcceleration="False" ShowInstallMenuItem="True">
  <OutOfBrowserSettings.Blurb>You can use this tool to share your Desktop Presentations to the WCS Rooms</OutOfBrowserSettings.Blurb>
  <OutOfBrowserSettings.WindowSettings>
    <WindowSettings Title="SocketCoder WCS Desktop Sharing Tool" Height="70" Width="330" Top="0" Left="0" WindowStartupLocation="Manual" />
  </OutOfBrowserSettings.WindowSettings>
  <OutOfBrowserSettings.SecuritySettings>
    <SecuritySettings ElevatedPermissions="Required" />
  </OutOfBrowserSettings.SecuritySettings>
  <OutOfBrowserSettings.Icons>
    <Icon Size="16,16">Icons/StartPublishing.png</Icon>
    <Icon Size="32,32">Icons/StartPublishing.png</Icon>
    <Icon Size="48,48">Icons/StartPublishing.png</Icon>
    <Icon Size="128,128">Icons/StartPublishing.png</Icon>
  </OutOfBrowserSettings.Icons>
</OutOfBrowserSettings>