<OutOfBrowserSettings ShortName="SocketCoder WMS" EnableGPUAcceleration="False" ShowInstallMenuItem="True">
  <OutOfBrowserSettings.Blurb>SocketCoder.Com - Web Messenger System (WMS)</OutOfBrowserSettings.Blurb>
  <OutOfBrowserSettings.WindowSettings>
    <WindowSettings Title="(SocketCoder) WMS 4.0" Height="700" Width="1250" />
  </OutOfBrowserSettings.WindowSettings>
  <OutOfBrowserSettings.Icons>
    <Icon Size="16,16">Views/Images/OnlineIcon.png</Icon>
    <Icon Size="32,32">Views/Images/OnlineIcon.png</Icon>
    <Icon Size="48,48">Views/Images/OnlineIcon.png</Icon>
    <Icon Size="128,128">Views/Images/OnlineIcon.png</Icon>
  </OutOfBrowserSettings.Icons>
</OutOfBrowserSettings>